{
  "trajectory_stats": [
    {
      "trajectory_id": 0,
      "mean": 1.4007949230103727,
      "variance": 0.04385746407789359,
      "std_deviation": 0.20942173735764297,
      "coefficient_of_variation": 0.14950206765997268,
      "percentile_25": 1.2381018972142284,
      "percentile_50": 1.3195822949250982,
      "percentile_75": 1.606063415350375,
      "iqr": 0.36796151813614664,
      "skewness": 0.6048342637916964,
      "kurtosis": -0.8616640517461538,
      "skewness_test_statistic": 7.292293094034942,
      "skewness_p_value": 3.047233353501067e-13,
      "kurtosis_test_statistic": -10.411886412983284,
      "kurtosis_p_value": 2.1884154153992704e-25
    },
    {
      "trajectory_id": 1,
      "mean": 1.5456924436721073,
      "variance": 0.12302317710300423,
      "std_deviation": 0.3507465995601443,
      "coefficient_of_variation": 0.22691875152528682,
      "percentile_25": 1.1834433415798158,
      "percentile_50": 1.5502444262538284,
      "percentile_75": 1.8887806572335513,
      "iqr": 0.7053373156537355,
      "skewness": 0.07566165264875757,
      "kurtosis": -1.5463735548342157,
      "skewness_test_statistic": 0.9826130294945957,
      "skewness_p_value": 0.32579792924710627,
      "kurtosis_test_statistic": 79.31029112277352,
      "kurtosis_p_value": 0.0
    },
    {
      "trajectory_id": 2,
      "mean": 1.3962484548536935,
      "variance": 0.05508561862217688,
      "std_deviation": 0.23470325652230922,
      "coefficient_of_variation": 0.16809562489141855,
      "percentile_25": 1.210846176544121,
      "percentile_50": 1.3160103866786845,
      "percentile_75": 1.5820725919635057,
      "iqr": 0.3712264154193847,
      "skewness": 0.9261105799549957,
      "kurtosis": -0.3591643078814899,
      "skewness_test_statistic": 10.360219109963007,
      "skewness_p_value": 3.7609949016215775e-25,
      "kurtosis_test_statistic": -2.746082979987014,
      "kurtosis_p_value": 0.006031150688566238
    },
    {
      "trajectory_id": 3,
      "mean": 1.489340686052877,
      "variance": 0.04419258990708859,
      "std_deviation": 0.21022033656877392,
      "coefficient_of_variation": 0.14114993200508746,
      "percentile_25": 1.3014082513957848,
      "percentile_50": 1.4336572460225578,
      "percentile_75": 1.6816342059736178,
      "iqr": 0.38022595457783304,
      "skewness": 0.5065961600925232,
      "kurtosis": -1.0182138861292234,
      "skewness_test_statistic": 6.2324352915075965,
      "skewness_p_value": 4.592392589191942e-10,
      "kurtosis_test_statistic": -15.32393399908042,
      "kurtosis_p_value": 5.291553858247198e-53
    },
    {
      "trajectory_id": 4,
      "mean": 1.5053944040241392,
      "variance": 0.050846650369793245,
      "std_deviation": 0.22549201841704564,
      "coefficient_of_variation": 0.14978932950346602,
      "percentile_25": 1.3175884818098966,
      "percentile_50": 1.4484321518240537,
      "percentile_75": 1.6970724144666918,
      "iqr": 0.37948393265679514,
      "skewness": 0.4281604588886171,
      "kurtosis": -1.0048113448580516,
      "skewness_test_statistic": 5.344799409455303,
      "skewness_p_value": 9.051723761903979e-08,
      "kurtosis_test_statistic": -14.795919814451347,
      "kurtosis_p_value": 1.5564199852252485e-49
    }
  ]
}