{
  "trajectory_stats": [
    {
      "trajectory_id": 0,
      "mean": 1.552176496624349,
      "variance": 0.06794664874392241,
      "std_deviation": 0.2606657797715734,
      "coefficient_of_variation": 0.16793565701997523,
      "percentile_25": 1.371459589124677,
      "percentile_50": 1.473441148104349,
      "percentile_75": 1.595958063696189,
      "iqr": 0.22449847457151195,
      "skewness": 1.0948843582723526,
      "kurtosis": 0.042676412100948635,
      "skewness_test_statistic": 11.749774420956582,
      "skewness_p_value": 7.080761381733502e-32,
      "kurtosis_test_statistic": 0.3866969522365583,
      "kurtosis_p_value": 0.6989805727306834
    },
    {
      "trajectory_id": 1,
      "mean": 1.5690080717487098,
      "variance": 0.06632671269244106,
      "std_deviation": 0.25753973031833566,
      "coefficient_of_variation": 0.16414174978163074,
      "percentile_25": 1.395081002825419,
      "percentile_50": 1.5675098013738997,
      "percentile_75": 1.8055889462049413,
      "iqr": 0.41050794337952223,
      "skewness": -0.23582218679614825,
      "kurtosis": -0.8111761089859595,
      "skewness_test_statistic": -3.026646306796446,
      "skewness_p_value": 0.002472831182052385,
      "kurtosis_test_statistic": -9.246023579191576,
      "kurtosis_p_value": 2.3299978103795896e-20
    },
    {
      "trajectory_id": 2,
      "mean": 1.4111601978696808,
      "variance": 0.05314338467877492,
      "std_deviation": 0.23052848995032027,
      "coefficient_of_variation": 0.16336096376466064,
      "percentile_25": 1.2613662639972865,
      "percentile_50": 1.3782730288138367,
      "percentile_75": 1.4730727270625463,
      "iqr": 0.21170646306525986,
      "skewness": 0.9727185368094649,
      "kurtosis": 0.7769859086456274,
      "skewness_test_statistic": 10.757993663558667,
      "skewness_p_value": 5.434034847671291e-27,
      "kurtosis_test_statistic": 3.8384246693993167,
      "kurtosis_p_value": 0.0001238261905572226
    },
    {
      "trajectory_id": 3,
      "mean": 1.5024401023378005,
      "variance": 0.04489326110565486,
      "std_deviation": 0.21188029900312785,
      "coefficient_of_variation": 0.14102412380596177,
      "percentile_25": 1.316660433231406,
      "percentile_50": 1.567767958160711,
      "percentile_75": 1.6570772980281203,
      "iqr": 0.3404168647967143,
      "skewness": -0.18267246054088657,
      "kurtosis": -1.0565788914999916,
      "skewness_test_statistic": -2.3567017393712097,
      "skewness_p_value": 0.0184380494666935,
      "kurtosis_test_statistic": -16.998814413780977,
      "kurtosis_p_value": 8.379758583001746e-65
    },
    {
      "trajectory_id": 4,
      "mean": 1.3583956099006156,
      "variance": 0.07711951976420008,
      "std_deviation": 0.27770401467065625,
      "coefficient_of_variation": 0.20443530047257288,
      "percentile_25": 1.0696306794033212,
      "percentile_50": 1.43059277733439,
      "percentile_75": 1.5564965180522523,
      "iqr": 0.48686583864893107,
      "skewness": 0.038738199223438935,
      "kurtosis": -1.2151037874225121,
      "skewness_test_statistic": 0.503608307011961,
      "skewness_p_value": 0.6145366539297126,
      "kurtosis_test_statistic": -28.852307870458386,
      "kurtosis_p_value": 4.740100203073292e-183
    }
  ]
}