{
  "trajectory_stats": [
    {
      "trajectory_id": 0,
      "mean": 0.954441440569802,
      "variance": 0.04163721720873545,
      "std_deviation": 0.20405199633606982,
      "coefficient_of_variation": 0.2137920543498726,
      "percentile_25": 0.8302690629438171,
      "percentile_50": 0.9543827354450565,
      "percentile_75": 1.1140423337967924,
      "iqr": 0.2837732708529753,
      "skewness": -0.4257021524299666,
      "kurtosis": -0.2412733597841985,
      "skewness_test_statistic": -5.316400816588072,
      "skewness_p_value": 1.058398712542844e-07,
      "kurtosis_test_statistic": -1.674201894904713,
      "kurtosis_p_value": 0.09409092722168075
    },
    {
      "trajectory_id": 1,
      "mean": 0.861025619859108,
      "variance": 0.021059219210622336,
      "std_deviation": 0.14511794930546096,
      "coefficient_of_variation": 0.16854080291967038,
      "percentile_25": 0.7900006587698962,
      "percentile_50": 0.9012223132305301,
      "percentile_75": 0.9638843693726094,
      "iqr": 0.17388371060271313,
      "skewness": -0.6382871514283005,
      "kurtosis": -0.4965271432652023,
      "skewness_test_statistic": -7.6398715689767895,
      "skewness_p_value": 2.1743852368239433e-14,
      "kurtosis_test_statistic": -4.228302078705484,
      "kurtosis_p_value": 2.3546151895945615e-05
    },
    {
      "trajectory_id": 2,
      "mean": 0.972004688639362,
      "variance": 0.0252980464669148,
      "std_deviation": 0.15905359620868306,
      "coefficient_of_variation": 0.16363459772126257,
      "percentile_25": 0.909493341190356,
      "percentile_50": 1.005891099703058,
      "percentile_75": 1.0830780403045344,
      "iqr": 0.1735846991141784,
      "skewness": -1.2760682345571688,
      "kurtosis": 1.3912423102369784,
      "skewness_test_statistic": -13.097356018562992,
      "skewness_p_value": 3.4092851945468526e-39,
      "kurtosis_test_statistic": 5.691410670444273,
      "kurtosis_p_value": 1.2599406721110523e-08
    },
    {
      "trajectory_id": 3,
      "mean": 0.9920346427274145,
      "variance": 0.04188109239058437,
      "std_deviation": 0.20464870483485686,
      "coefficient_of_variation": 0.2062918934687738,
      "percentile_25": 0.8427755405267637,
      "percentile_50": 1.064558301876791,
      "percentile_75": 1.1574298347154472,
      "iqr": 0.3146542941886835,
      "skewness": -0.9409393017950085,
      "kurtosis": -0.323606775034869,
      "skewness_test_statistic": -10.487982957430086,
      "skewness_p_value": 9.810021879263443e-26,
      "kurtosis_test_statistic": -2.405842922813666,
      "kurtosis_p_value": 0.01613520065640197
    },
    {
      "trajectory_id": 4,
      "mean": 0.8465383816935844,
      "variance": 0.03005070324618605,
      "std_deviation": 0.1733513866289683,
      "coefficient_of_variation": 0.20477675953943347,
      "percentile_25": 0.7064319394658692,
      "percentile_50": 0.8948887956130362,
      "percentile_75": 0.9961932347656074,
      "iqr": 0.28976129529973815,
      "skewness": -0.25544190233790864,
      "kurtosis": -1.1859329059518013,
      "skewness_test_statistic": -3.2712049754245784,
      "skewness_p_value": 0.0010709026030610296,
      "kurtosis_test_statistic": -25.66678491465194,
      "kurtosis_p_value": 2.746735822207537e-145
    }
  ]
}