{
  "trajectory_stats": [
    {
      "trajectory_id": 0,
      "mean": 1.2893504714910131,
      "variance": 0.0192890854101217,
      "std_deviation": 0.13888515187060746,
      "coefficient_of_variation": 0.10771714513742706,
      "percentile_25": 1.1650030960374649,
      "percentile_50": 1.3396498710516398,
      "percentile_75": 1.402421756248725,
      "iqr": 0.23741866021126,
      "skewness": -0.5073267835451286,
      "kurtosis": -0.9396219916952924,
      "skewness_test_statistic": -6.2405325582504245,
      "skewness_p_value": 4.3608361156790235e-10,
      "kurtosis_test_statistic": -12.556012434592306,
      "kurtosis_p_value": 3.684381920113246e-36
    },
    {
      "trajectory_id": 1,
      "mean": 1.2500737266059916,
      "variance": 0.019115828076246098,
      "std_deviation": 0.13826000172228445,
      "coefficient_of_variation": 0.11060147796055741,
      "percentile_25": 1.1217508311141722,
      "percentile_50": 1.2607989154359025,
      "percentile_75": 1.3709581572351168,
      "iqr": 0.24920732612094465,
      "skewness": -0.1549759615562442,
      "kurtosis": -1.111901462761965,
      "skewness_test_statistic": -2.0038223057196705,
      "skewness_p_value": 0.04508909854129599,
      "kurtosis_test_statistic": -19.973315547632073,
      "kurtosis_p_value": 9.400159097925343e-89
    },
    {
      "trajectory_id": 2,
      "mean": 1.1208142905136254,
      "variance": 0.037669054627999216,
      "std_deviation": 0.19408517364291178,
      "coefficient_of_variation": 0.1731644352553447,
      "percentile_25": 1.0042593044813581,
      "percentile_50": 1.063184651863868,
      "percentile_75": 1.1918435681253225,
      "iqr": 0.1875842636439644,
      "skewness": 0.8347023261836857,
      "kurtosis": -0.284315604734076,
      "skewness_test_statistic": 9.546908110811192,
      "skewness_p_value": 1.3362472471070406e-21,
      "kurtosis_test_statistic": -2.047428708126415,
      "kurtosis_p_value": 0.04061601004952133
    },
    {
      "trajectory_id": 3,
      "mean": 1.319201492171686,
      "variance": 0.02352016146606448,
      "std_deviation": 0.15336284252081558,
      "coefficient_of_variation": 0.11625429733887563,
      "percentile_25": 1.2375511527512155,
      "percentile_50": 1.3170883113240706,
      "percentile_75": 1.4345146242875344,
      "iqr": 0.19696347153631888,
      "skewness": -0.18113323421099,
      "kurtosis": -0.6019195909921597,
      "skewness_test_statistic": -2.337152803212434,
      "skewness_p_value": 0.019431240243817254,
      "kurtosis_test_statistic": -5.595426464209094,
      "kurtosis_p_value": 2.200801155968562e-08
    },
    {
      "trajectory_id": 4,
      "mean": 1.1889522705030309,
      "variance": 0.021337396797430117,
      "std_deviation": 0.1460732583241372,
      "coefficient_of_variation": 0.12285880766461334,
      "percentile_25": 1.0503712972154151,
      "percentile_50": 1.1833532957719317,
      "percentile_75": 1.3192850856809164,
      "iqr": 0.2689137884655013,
      "skewness": -0.09126840321992154,
      "kurtosis": -1.1094763037881241,
      "skewness_test_statistic": -1.1845478388909751,
      "skewness_p_value": 0.23619627099711638,
      "kurtosis_test_statistic": -19.825352865243847,
      "kurtosis_p_value": 1.7991490420902476e-87
    }
  ]
}