{
  "trajectory_stats": [
    {
      "trajectory_id": 0,
      "mean": 1.4805490756328359,
      "variance": 0.0462232168902424,
      "std_deviation": 0.21499585319313114,
      "coefficient_of_variation": 0.14521359455865032,
      "percentile_25": 1.3263056806198583,
      "percentile_50": 1.4622952125408615,
      "percentile_75": 1.6180947844291702,
      "iqr": 0.2917891038093119,
      "skewness": 0.32610765781818246,
      "kurtosis": -0.2812137200396969,
      "skewness_test_statistic": 4.137876812365884,
      "skewness_p_value": 3.505344745434669e-05,
      "kurtosis_test_statistic": -2.019873970778624,
      "kurtosis_p_value": 0.04339646185178592
    },
    {
      "trajectory_id": 1,
      "mean": 1.3152189016671496,
      "variance": 0.08533049238286103,
      "std_deviation": 0.2921138346310579,
      "coefficient_of_variation": 0.22210282581916915,
      "percentile_25": 1.114669089940859,
      "percentile_50": 1.1697610532997693,
      "percentile_75": 1.4390757497610376,
      "iqr": 0.3244066598201787,
      "skewness": 1.1876129928072978,
      "kurtosis": 0.039230276622564286,
      "skewness_test_statistic": 12.456767284674338,
      "skewness_p_value": 1.2847362550899553e-35,
      "kurtosis_test_statistic": 0.36509484608592657,
      "kurtosis_p_value": 0.7150406079972468
    },
    {
      "trajectory_id": 2,
      "mean": 1.3442223692835953,
      "variance": 0.06711184600492888,
      "std_deviation": 0.25905954142808346,
      "coefficient_of_variation": 0.19272074870034303,
      "percentile_25": 1.1713270663235398,
      "percentile_50": 1.2991667467206158,
      "percentile_75": 1.4248025395126709,
      "iqr": 0.2534754731891311,
      "skewness": 1.0611519077203733,
      "kurtosis": 0.5333578756884023,
      "skewness_test_statistic": 11.483020770928672,
      "skewness_p_value": 1.6057064241670062e-30,
      "kurtosis_test_statistic": 2.894477432116124,
      "kurtosis_p_value": 0.003797902093182418
    },
    {
      "trajectory_id": 3,
      "mean": 1.569442227196529,
      "variance": 0.046992197409509204,
      "std_deviation": 0.21677683780678508,
      "coefficient_of_variation": 0.13812349002104415,
      "percentile_25": 1.3974234966816574,
      "percentile_50": 1.484628983903365,
      "percentile_75": 1.7122674116631156,
      "iqr": 0.31484391498145814,
      "skewness": 0.8400518760812159,
      "kurtosis": -0.5816519139085186,
      "skewness_test_statistic": 9.595754625905013,
      "skewness_p_value": 8.33052421874493e-22,
      "kurtosis_test_statistic": -5.313659064164062,
      "kurtosis_p_value": 1.074455609697572e-07
    },
    {
      "trajectory_id": 4,
      "mean": 1.45296193233842,
      "variance": 0.01600929549271438,
      "std_deviation": 0.12652784473274797,
      "coefficient_of_variation": 0.08708269770641,
      "percentile_25": 1.381293950810593,
      "percentile_50": 1.4574488405819273,
      "percentile_75": 1.5174456161666334,
      "iqr": 0.1361516653560404,
      "skewness": 0.7416118859548378,
      "kurtosis": 2.563770747779281,
      "skewness_test_statistic": 8.6710896613861,
      "skewness_p_value": 4.280045087390073e-18,
      "kurtosis_test_statistic": 8.046923853164685,
      "kurtosis_p_value": 8.490096901835996e-16
    }
  ]
}