{
  "trajectory_stats": [
    {
      "trajectory_id": 0,
      "mean": 1.0063679999861739,
      "variance": 0.04850275756459842,
      "std_deviation": 0.2202334160943757,
      "coefficient_of_variation": 0.2188398439709941,
      "percentile_25": 0.8005792632407727,
      "percentile_50": 1.1094876810084995,
      "percentile_75": 1.1770209384846346,
      "iqr": 0.37644167524386196,
      "skewness": -0.8012813177435963,
      "kurtosis": -0.7435799499471867,
      "skewness_test_statistic": -9.238133819298099,
      "skewness_p_value": 2.508336734188448e-20,
      "kurtosis_test_statistic": -7.889558293782908,
      "kurtosis_p_value": 3.03257953918215e-15
    },
    {
      "trajectory_id": 1,
      "mean": 0.8372975816900918,
      "variance": 0.025167808994036676,
      "std_deviation": 0.15864365412469758,
      "coefficient_of_variation": 0.18947105257902944,
      "percentile_25": 0.752111409905589,
      "percentile_50": 0.8172273668592944,
      "percentile_75": 0.9554573197158649,
      "iqr": 0.2033459098102759,
      "skewness": -0.3668592561745915,
      "kurtosis": -0.36313256108955905,
      "skewness_test_statistic": -4.626545249222299,
      "skewness_p_value": 3.718156635966536e-06,
      "kurtosis_test_statistic": -2.7850470343044833,
      "kurtosis_p_value": 0.005351995910183364
    },
    {
      "trajectory_id": 2,
      "mean": 1.0259288675432388,
      "variance": 0.02963533169975295,
      "std_deviation": 0.17214915538495376,
      "coefficient_of_variation": 0.1677983345933078,
      "percentile_25": 0.9805372251745352,
      "percentile_50": 1.081279310926808,
      "percentile_75": 1.1423394990121973,
      "iqr": 0.1618022738376621,
      "skewness": -1.4657137481491445,
      "kurtosis": 1.2606152571985616,
      "skewness_test_statistic": -14.37071840707688,
      "skewness_p_value": 7.900741516688273e-47,
      "kurtosis_test_statistic": 5.346567863282744,
      "kurtosis_p_value": 8.963768188818393e-08
    },
    {
      "trajectory_id": 3,
      "mean": 1.0259673981238175,
      "variance": 0.021015691296097434,
      "std_deviation": 0.144967897467327,
      "coefficient_of_variation": 0.14129873691155218,
      "percentile_25": 0.9914785085273372,
      "percentile_50": 1.0839098856505596,
      "percentile_75": 1.1152483955839476,
      "iqr": 0.1237698870566104,
      "skewness": -1.72338598289607,
      "kurtosis": 2.2829265865056874,
      "skewness_test_statistic": -15.913386197057317,
      "skewness_p_value": 5.116944702743497e-57,
      "kurtosis_test_statistic": 7.57678065057037,
      "kurtosis_p_value": 3.54234934855667e-14
    },
    {
      "trajectory_id": 4,
      "mean": 0.9472419974683268,
      "variance": 0.035397523079710655,
      "std_deviation": 0.1881422947657189,
      "coefficient_of_variation": 0.19862114989470772,
      "percentile_25": 0.8177050442833377,
      "percentile_50": 0.9079309311121155,
      "percentile_75": 1.108005860799369,
      "iqr": 0.29030081651603135,
      "skewness": -0.12042233919560517,
      "kurtosis": -0.744404896330817,
      "skewness_test_statistic": -1.5606009308030149,
      "skewness_p_value": 0.11861793902410891,
      "kurtosis_test_statistic": -7.904912394743377,
      "kurtosis_p_value": 2.681220952915885e-15
    }
  ]
}