{
  "trajectory_stats": [
    {
      "trajectory_id": 0,
      "mean": 1.114794018448934,
      "variance": 0.01012777617217659,
      "std_deviation": 0.10063685295246762,
      "coefficient_of_variation": 0.09027394414305207,
      "percentile_25": 1.0335261911408236,
      "percentile_50": 1.1139169123343458,
      "percentile_75": 1.1960911657797453,
      "iqr": 0.16256497463892172,
      "skewness": 0.11156678023556757,
      "kurtosis": -1.0154912163685568,
      "skewness_test_statistic": 1.4465542343342073,
      "skewness_p_value": 0.14802181190736688,
      "kurtosis_test_statistic": -15.214496774109493,
      "kurtosis_p_value": 2.8339015752927447e-52
    },
    {
      "trajectory_id": 1,
      "mean": 0.8728800055034862,
      "variance": 0.008291194178258496,
      "std_deviation": 0.09105599474092026,
      "coefficient_of_variation": 0.10431673788701142,
      "percentile_25": 0.8159622895913143,
      "percentile_50": 0.8615529787600348,
      "percentile_75": 0.942438489928989,
      "iqr": 0.1264762003376747,
      "skewness": 0.05301965901187212,
      "kurtosis": -0.6589640738753784,
      "skewness_test_statistic": 0.6890513226560117,
      "skewness_p_value": 0.4907909709398173,
      "kurtosis_test_statistic": -6.445112977194686,
      "kurtosis_p_value": 1.1551433603623379e-10
    },
    {
      "trajectory_id": 2,
      "mean": 1.0846151030607873,
      "variance": 0.011498382012046964,
      "std_deviation": 0.10723050877454122,
      "coefficient_of_variation": 0.09886503375431191,
      "percentile_25": 1.0127477060372077,
      "percentile_50": 1.0935224316953227,
      "percentile_75": 1.1452554550613143,
      "iqr": 0.13250774902410667,
      "skewness": 0.2162011310296133,
      "kurtosis": 0.015627862315990004,
      "skewness_test_statistic": 2.780531751905108,
      "skewness_p_value": 0.005426995225461551,
      "kurtosis_test_statistic": 0.21521990661311474,
      "kurtosis_p_value": 0.8295958713386345
    },
    {
      "trajectory_id": 3,
      "mean": 1.070761407562658,
      "variance": 0.004697305751413935,
      "std_deviation": 0.06853689335980975,
      "coefficient_of_variation": 0.06400762380465153,
      "percentile_25": 1.0142824327946949,
      "percentile_50": 1.0799900496892776,
      "percentile_75": 1.1187394761137353,
      "iqr": 0.10445704331904038,
      "skewness": -0.32282936408491686,
      "kurtosis": -0.17436018398147812,
      "skewness_test_statistic": -4.098196431417181,
      "skewness_p_value": 4.1638186088529247e-05,
      "kurtosis_test_statistic": -1.130286694161459,
      "kurtosis_p_value": 0.25835543941260486
    },
    {
      "trajectory_id": 4,
      "mean": 1.0989003536518445,
      "variance": 0.014765943600445901,
      "std_deviation": 0.1215151990511718,
      "coefficient_of_variation": 0.11057890612861741,
      "percentile_25": 0.9938935932276356,
      "percentile_50": 1.1002396060773032,
      "percentile_75": 1.1923535850598967,
      "iqr": 0.19845999183226115,
      "skewness": 0.33233604274519746,
      "kurtosis": -0.6650460843516797,
      "skewness_test_statistic": 4.213116569697445,
      "skewness_p_value": 2.5187098865906525e-05,
      "kurtosis_test_statistic": -6.541086977584225,
      "kurtosis_p_value": 6.107329726840168e-11
    }
  ]
}