{
  "trajectory_stats": [
    {
      "trajectory_id": 0,
      "mean": 0.949988104289431,
      "variance": 0.021690374871494618,
      "std_deviation": 0.14727652518814605,
      "coefficient_of_variation": 0.1550298625037052,
      "percentile_25": 0.8919502418288754,
      "percentile_50": 0.971737215548451,
      "percentile_75": 1.0437502392365476,
      "iqr": 0.15179999740767225,
      "skewness": -0.9568657636629636,
      "kurtosis": 0.9405091654384763,
      "skewness_test_statistic": -10.623943871130617,
      "skewness_p_value": 2.3060759205143136e-26,
      "kurtosis_test_statistic": 4.395245568254841,
      "kurtosis_p_value": 1.1064759638639755e-05
    },
    {
      "trajectory_id": 1,
      "mean": 0.9912265819350059,
      "variance": 0.04745932400944953,
      "std_deviation": 0.217851610068527,
      "coefficient_of_variation": 0.2197798304029052,
      "percentile_25": 0.8217443977148364,
      "percentile_50": 0.946108249691445,
      "percentile_75": 1.207117983213088,
      "iqr": 0.3853735854982516,
      "skewness": 0.18041623412590357,
      "kurtosis": -1.0733126347156519,
      "skewness_test_statistic": 2.3280439391832544,
      "skewness_p_value": 0.019909770627835204,
      "kurtosis_test_statistic": -17.81868893434257,
      "kurtosis_p_value": 5.0608760774619205e-71
    },
    {
      "trajectory_id": 2,
      "mean": 1.0326330958178933,
      "variance": 0.03152406832975579,
      "std_deviation": 0.17755018538361425,
      "coefficient_of_variation": 0.17193927456197428,
      "percentile_25": 0.9898682109457296,
      "percentile_50": 1.0905232591137712,
      "percentile_75": 1.1495462788441897,
      "iqr": 0.15967806789846006,
      "skewness": -1.5451143511382492,
      "kurtosis": 1.5893414365920835,
      "skewness_test_statistic": -14.867339880324984,
      "skewness_p_value": 5.370520520594051e-50,
      "kurtosis_test_statistic": 6.174792702965027,
      "kurtosis_p_value": 6.625033696052102e-10
    },
    {
      "trajectory_id": 3,
      "mean": 0.9271691860203977,
      "variance": 0.030556888453851298,
      "std_deviation": 0.17480528725942845,
      "coefficient_of_variation": 0.18853655826260682,
      "percentile_25": 0.8524459585462641,
      "percentile_50": 0.946290369439294,
      "percentile_75": 1.0551464610568861,
      "iqr": 0.202700502510622,
      "skewness": -0.8393115296056898,
      "kurtosis": -0.10450153149667285,
      "skewness_test_statistic": -9.58900398308234,
      "skewness_p_value": 8.893941696203392e-22,
      "kurtosis_test_statistic": -0.6042508681789317,
      "kurtosis_p_value": 0.5456768660216982
    },
    {
      "trajectory_id": 4,
      "mean": 0.8626127648666012,
      "variance": 0.039135312834969606,
      "std_deviation": 0.19782647152231575,
      "coefficient_of_variation": 0.22933404139099267,
      "percentile_25": 0.7003960138096008,
      "percentile_50": 0.9281221912559767,
      "percentile_75": 1.0046466496542603,
      "iqr": 0.3042506358446595,
      "skewness": -0.4571946086671639,
      "kurtosis": -0.9487661737096076,
      "skewness_test_statistic": -5.677573647355447,
      "skewness_p_value": 1.3661871293546382e-08,
      "kurtosis_test_statistic": -12.841687203716805,
      "kurtosis_p_value": 9.576438024141034e-38
    }
  ]
}