{
  "trajectory_stats": [
    {
      "trajectory_id": 0,
      "mean": 0.8756624092779975,
      "variance": 0.02897313237775662,
      "std_deviation": 0.17021495932425157,
      "coefficient_of_variation": 0.1943842256110976,
      "percentile_25": 0.8055571274483265,
      "percentile_50": 0.9174313921760333,
      "percentile_75": 0.9819210904024407,
      "iqr": 0.17636396295411416,
      "skewness": -0.7174537836289838,
      "kurtosis": -0.1870776788383952,
      "skewness_test_statistic": -8.435648633715692,
      "skewness_p_value": 3.2937093992304844e-17,
      "kurtosis_test_statistic": -1.2304820860975934,
      "kurtosis_p_value": 0.2185166311868737
    },
    {
      "trajectory_id": 1,
      "mean": 1.0473221638650363,
      "variance": 0.0336077662036714,
      "std_deviation": 0.18332421063152407,
      "coefficient_of_variation": 0.1750408966377496,
      "percentile_25": 1.0052657236414193,
      "percentile_50": 1.0754316371085175,
      "percentile_75": 1.1781239149375748,
      "iqr": 0.17285819129615554,
      "skewness": -1.198012509621192,
      "kurtosis": 1.0311534801400182,
      "skewness_test_statistic": -12.533742654173455,
      "skewness_p_value": 4.8804029362441565e-36,
      "kurtosis_test_statistic": 4.6817220048630075,
      "kurtosis_p_value": 2.844750912939674e-06
    },
    {
      "trajectory_id": 2,
      "mean": 1.0433329283426807,
      "variance": 0.046961335144921804,
      "std_deviation": 0.21670564170072223,
      "coefficient_of_variation": 0.20770516851697188,
      "percentile_25": 1.0231232527320573,
      "percentile_50": 1.0907379729895204,
      "percentile_75": 1.1803555583851257,
      "iqr": 0.15723230565306845,
      "skewness": -1.39434023889191,
      "kurtosis": 1.1948157791511615,
      "skewness_test_statistic": -13.906550467973656,
      "skewness_p_value": 5.78006051519352e-44,
      "kurtosis_test_statistic": 5.164079321630501,
      "kurtosis_p_value": 2.416252245073473e-07
    },
    {
      "trajectory_id": 3,
      "mean": 0.9367307468776159,
      "variance": 0.06592925776526652,
      "std_deviation": 0.2567669327722449,
      "coefficient_of_variation": 0.27410964530428883,
      "percentile_25": 0.7458898747581758,
      "percentile_50": 0.9559087182670738,
      "percentile_75": 1.1446301238819891,
      "iqr": 0.39874024912381334,
      "skewness": -0.18675032723458618,
      "kurtosis": -1.0572023651558011,
      "skewness_test_statistic": -2.4084553663300032,
      "skewness_p_value": 0.016020185054932128,
      "kurtosis_test_statistic": -17.028293209123433,
      "kurtosis_p_value": 5.066038436645545e-65
    },
    {
      "trajectory_id": 4,
      "mean": 0.9450138047895018,
      "variance": 0.03307400151603559,
      "std_deviation": 0.18186258965503485,
      "coefficient_of_variation": 0.19244437354599708,
      "percentile_25": 0.8835799206439556,
      "percentile_50": 0.9613666301003576,
      "percentile_75": 1.084052660264807,
      "iqr": 0.20047273962085144,
      "skewness": -0.617399746199906,
      "kurtosis": -0.32031210827477263,
      "skewness_test_statistic": -7.423643149477087,
      "skewness_p_value": 1.1394189423609957e-13,
      "kurtosis_test_statistic": -2.3751016090503305,
      "kurtosis_p_value": 0.01754411989380004
    }
  ]
}