{
  "trajectory_stats": [
    {
      "trajectory_id": 0,
      "mean": 1.4272767023570405,
      "variance": 0.051268888749733975,
      "std_deviation": 0.22642634287938754,
      "coefficient_of_variation": 0.1586422187831283,
      "percentile_25": 1.2632429859400958,
      "percentile_50": 1.3291839167457762,
      "percentile_75": 1.5496997183104737,
      "iqr": 0.28645673237037794,
      "skewness": 1.047882236824996,
      "kurtosis": -0.024424751190082805,
      "skewness_test_statistic": 11.37663142782489,
      "skewness_p_value": 5.467088810488158e-30,
      "kurtosis_test_statistic": -0.047090544976041634,
      "kurtosis_p_value": 0.9624410629952977
    },
    {
      "trajectory_id": 1,
      "mean": 1.3025191881869815,
      "variance": 0.07710916304332355,
      "std_deviation": 0.2776853669953164,
      "coefficient_of_variation": 0.21319099903766914,
      "percentile_25": 1.1244551638329894,
      "percentile_50": 1.2646490244095037,
      "percentile_75": 1.3604673506949991,
      "iqr": 0.23601218686200975,
      "skewness": 1.0715391963039929,
      "kurtosis": 0.7114980149541918,
      "skewness_test_statistic": 11.565724225949054,
      "skewness_p_value": 6.147043646881578e-31,
      "kurtosis_test_statistic": 3.599288864283562,
      "kurtosis_p_value": 0.0003190885858383173
    },
    {
      "trajectory_id": 2,
      "mean": 1.5503902980978068,
      "variance": 0.05858629897773615,
      "std_deviation": 0.24204606788323613,
      "coefficient_of_variation": 0.15611944178198578,
      "percentile_25": 1.3499117994270584,
      "percentile_50": 1.6516138051657037,
      "percentile_75": 1.7351279573086544,
      "iqr": 0.385216157881596,
      "skewness": -0.6971932381496156,
      "kurtosis": -0.7761016652819168,
      "skewness_test_statistic": -8.235545399181886,
      "skewness_p_value": 1.7874144781501847e-16,
      "kurtosis_test_statistic": -8.51628606606221,
      "kurtosis_p_value": 1.6475157434369024e-17
    },
    {
      "trajectory_id": 3,
      "mean": 1.4596274147265993,
      "variance": 0.07617685940924919,
      "std_deviation": 0.2760015568964226,
      "coefficient_of_variation": 0.18909041726112005,
      "percentile_25": 1.1830899535878598,
      "percentile_50": 1.572916207572851,
      "percentile_75": 1.6790707001911485,
      "iqr": 0.4959807466032886,
      "skewness": 0.006886986353439142,
      "kurtosis": -1.3037365144552828,
      "skewness_test_statistic": 0.08956469459378248,
      "skewness_p_value": 0.9286331412424258,
      "kurtosis_test_statistic": -47.96078946160704,
      "kurtosis_p_value": 0.0
    },
    {
      "trajectory_id": 4,
      "mean": 1.4691418673457135,
      "variance": 0.10784586455689987,
      "std_deviation": 0.3283989411628787,
      "coefficient_of_variation": 0.2235311296084662,
      "percentile_25": 1.1620927442812292,
      "percentile_50": 1.523770485050524,
      "percentile_75": 1.692133530853448,
      "iqr": 0.5300407865722188,
      "skewness": 0.10597986631987263,
      "kurtosis": -1.140756200922521,
      "skewness_test_statistic": 1.3745185882620006,
      "skewness_p_value": 0.16928074355323064,
      "kurtosis_test_statistic": -21.89217699918528,
      "kurtosis_p_value": 3.084274687198194e-106
    }
  ]
}