{
  "trajectory_stats": [
    {
      "trajectory_id": 0,
      "mean": 0.8614807066679842,
      "variance": 0.13278477795262925,
      "std_deviation": 0.36439645710768,
      "coefficient_of_variation": 0.4229885292696623,
      "percentile_25": 0.580487238586716,
      "percentile_50": 0.983614275832683,
      "percentile_75": 1.135590408617782,
      "iqr": 0.5551031700310659,
      "skewness": -0.5696158275442369,
      "kurtosis": -0.7874618520203529,
      "skewness_test_statistic": -6.9190476198214785,
      "skewness_p_value": 4.546900150846358e-12,
      "kurtosis_test_statistic": -8.746164498093997,
      "kurtosis_p_value": 2.2072726376374738e-18
    },
    {
      "trajectory_id": 1,
      "mean": 0.6820407843203773,
      "variance": 0.06399039080300474,
      "std_deviation": 0.2529632202574215,
      "coefficient_of_variation": 0.37089163298275174,
      "percentile_25": 0.5193392553259727,
      "percentile_50": 0.7307492240133535,
      "percentile_75": 0.9071623277425374,
      "iqr": 0.38782307241656466,
      "skewness": -0.7101457082601048,
      "kurtosis": -0.42738205859330947,
      "skewness_test_statistic": -8.363750054345227,
      "skewness_p_value": 6.075556110967037e-17,
      "kurtosis_test_statistic": -3.4460098079912247,
      "kurtosis_p_value": 0.0005689297098920292
    },
    {
      "trajectory_id": 2,
      "mean": 0.9048744440671462,
      "variance": 0.152520649189383,
      "std_deviation": 0.390538921478235,
      "coefficient_of_variation": 0.4315945975033582,
      "percentile_25": 0.610966409737124,
      "percentile_50": 1.0374453429619441,
      "percentile_75": 1.2418974170598664,
      "iqr": 0.6309310073227424,
      "skewness": -0.7079810368611666,
      "kurtosis": -0.7345690708927815,
      "skewness_test_statistic": -8.342393015691721,
      "skewness_p_value": 7.280202370011122e-17,
      "kurtosis_test_statistic": -7.723593042913983,
      "kurtosis_p_value": 1.1309552672098748e-14
    },
    {
      "trajectory_id": 3,
      "mean": 0.8787138776915023,
      "variance": 0.16483542881672883,
      "std_deviation": 0.4059992965717168,
      "coefficient_of_variation": 0.4620381069186374,
      "percentile_25": 0.5881446035736253,
      "percentile_50": 0.9443126657062704,
      "percentile_75": 1.283072667273716,
      "iqr": 0.6949280637000907,
      "skewness": -0.41057880125296536,
      "kurtosis": -1.0669323476334847,
      "skewness_test_statistic": -5.140939169750034,
      "skewness_p_value": 2.7336855559188457e-07,
      "kurtosis_test_statistic": -17.498880604200448,
      "kurtosis_p_value": 1.4611260070649988e-68
    },
    {
      "trajectory_id": 4,
      "mean": 0.7333326206016316,
      "variance": 0.09041265912677025,
      "std_deviation": 0.3006869786451855,
      "coefficient_of_variation": 0.4100280966616481,
      "percentile_25": 0.5359416718972427,
      "percentile_50": 0.8026192355075383,
      "percentile_75": 0.9813851287516063,
      "iqr": 0.4454434568543636,
      "skewness": -0.5574887307636143,
      "kurtosis": -0.6351025102159484,
      "skewness_test_statistic": -6.7887845108422455,
      "skewness_p_value": 1.1308219553679696e-11,
      "kurtosis_test_statistic": -6.07894715024771,
      "kurtosis_p_value": 1.2097421981092856e-09
    }
  ]
}