{
  "trajectory_stats": [
    {
      "trajectory_id": 0,
      "mean": 0.8143549899753688,
      "variance": 0.029355478261970776,
      "std_deviation": 0.17133440478190823,
      "coefficient_of_variation": 0.21039277328808467,
      "percentile_25": 0.6307535347428969,
      "percentile_50": 0.8685321481630626,
      "percentile_75": 0.9671678657292977,
      "iqr": 0.33641433098640083,
      "skewness": -0.36583518475100774,
      "kurtosis": -1.3418072744135383,
      "skewness_test_statistic": -4.614371647635661,
      "skewness_p_value": 3.942863453034564e-06,
      "kurtosis_test_statistic": -75.64861188861765,
      "kurtosis_p_value": 0.0
    },
    {
      "trajectory_id": 1,
      "mean": 0.9435491430643403,
      "variance": 0.03435651122935019,
      "std_deviation": 0.1853550949646386,
      "coefficient_of_variation": 0.19644455864022684,
      "percentile_25": 0.8518698288395474,
      "percentile_50": 0.9166655029407971,
      "percentile_75": 1.0831805137181936,
      "iqr": 0.23131068487864614,
      "skewness": -0.3311135454155308,
      "kurtosis": -0.5213809691460751,
      "skewness_test_statistic": -4.198364050920528,
      "skewness_p_value": 2.688501773476816e-05,
      "kurtosis_test_statistic": -4.53004211955637,
      "kurtosis_p_value": 5.897192867047808e-06
    },
    {
      "trajectory_id": 2,
      "mean": 0.7999442014942547,
      "variance": 0.034118286300407634,
      "std_deviation": 0.1847113594243939,
      "coefficient_of_variation": 0.23090530449419167,
      "percentile_25": 0.642402330091826,
      "percentile_50": 0.7604423025682928,
      "percentile_75": 0.97292429919606,
      "iqr": 0.33052196910423404,
      "skewness": 0.10552711136453058,
      "kurtosis": -1.293040595834245,
      "skewness_test_statistic": 1.368678191034977,
      "skewness_p_value": 0.17109989042877893,
      "kurtosis_test_statistic": -44.112100108057845,
      "kurtosis_p_value": 0.0
    },
    {
      "trajectory_id": 3,
      "mean": 0.8018596036951496,
      "variance": 0.023364710360605258,
      "std_deviation": 0.1528551940910261,
      "coefficient_of_variation": 0.1906258818708848,
      "percentile_25": 0.7006929694487192,
      "percentile_50": 0.799613689501534,
      "percentile_75": 0.9376760986375339,
      "iqr": 0.2369831291888147,
      "skewness": -0.2157780177439208,
      "kurtosis": -0.9983173266985603,
      "skewness_test_statistic": -2.7752082704017567,
      "skewness_p_value": 0.005516636732876018,
      "kurtosis_test_statistic": -14.549382066891841,
      "kurtosis_p_value": 5.893298426246724e-48
    },
    {
      "trajectory_id": 4,
      "mean": 0.86131341385367,
      "variance": 0.045651828288937796,
      "std_deviation": 0.21366288467803152,
      "coefficient_of_variation": 0.24806636149095324,
      "percentile_25": 0.688828464397861,
      "percentile_50": 0.90018102302553,
      "percentile_75": 1.046236581793105,
      "iqr": 0.3574081173952439,
      "skewness": -0.3321035693400304,
      "kurtosis": -1.1649789653821876,
      "skewness_test_statistic": -4.210311772703802,
      "skewness_p_value": 2.550185171517389e-05,
      "kurtosis_test_statistic": -23.775436677050063,
      "kurtosis_p_value": 5.996862398249334e-125
    }
  ]
}