{
  "trajectory_stats": [
    {
      "trajectory_id": 0,
      "mean": 1.041067343348744,
      "variance": 0.011567800207233556,
      "std_deviation": 0.10755370847736287,
      "coefficient_of_variation": 0.10331100016200755,
      "percentile_25": 0.9551241331483884,
      "percentile_50": 1.0442048724013975,
      "percentile_75": 1.1355498905195667,
      "iqr": 0.18042575737117827,
      "skewness": -0.06461295062241465,
      "kurtosis": -1.051730467458533,
      "skewness_test_statistic": -0.8394405749062376,
      "skewness_p_value": 0.4012221229391435,
      "kurtosis_test_statistic": -16.772244011389578,
      "kurtosis_p_value": 3.8951639481833325e-63
    },
    {
      "trajectory_id": 1,
      "mean": 1.1063821651880807,
      "variance": 0.0050624896849728925,
      "std_deviation": 0.07115117486712987,
      "coefficient_of_variation": 0.06430976303295204,
      "percentile_25": 1.0526424395343545,
      "percentile_50": 1.1063757200759072,
      "percentile_75": 1.1550726506518643,
      "iqr": 0.10243021111750972,
      "skewness": 0.0388767311352047,
      "kurtosis": -0.41790295058445404,
      "skewness_test_statistic": 0.5054079373458584,
      "skewness_p_value": 0.6132723450941164,
      "kurtosis_test_statistic": -3.344757767825274,
      "kurtosis_p_value": 0.0008235446261750362
    },
    {
      "trajectory_id": 2,
      "mean": 1.1305665604190644,
      "variance": 0.01515860044726925,
      "std_deviation": 0.12312026822286105,
      "coefficient_of_variation": 0.10890138850137612,
      "percentile_25": 1.0269187027838103,
      "percentile_50": 1.1308932125161795,
      "percentile_75": 1.2156129410283079,
      "iqr": 0.1886942382444976,
      "skewness": 0.09755688517340351,
      "kurtosis": -0.7333398962484643,
      "skewness_test_statistic": 1.2658003106533322,
      "skewness_p_value": 0.20558458386227374,
      "kurtosis_test_statistic": -7.701198488465744,
      "kurtosis_p_value": 1.3479591551694613e-14
    },
    {
      "trajectory_id": 3,
      "mean": 1.137133010308447,
      "variance": 0.03318605552380924,
      "std_deviation": 0.18217040243631577,
      "coefficient_of_variation": 0.16020148987399646,
      "percentile_25": 0.9527652813738087,
      "percentile_50": 1.1527587925948426,
      "percentile_75": 1.3037911397986477,
      "iqr": 0.351025858424839,
      "skewness": -0.020591755388613815,
      "kurtosis": -1.6062999854220081,
      "skewness_test_statistic": -0.2677694474485204,
      "skewness_p_value": 0.7888767895812913,
      "kurtosis_test_statistic": 74.52460589938923,
      "kurtosis_p_value": 0.0
    },
    {
      "trajectory_id": 4,
      "mean": 1.1423975681495262,
      "variance": 0.016541758256065093,
      "std_deviation": 0.12861476686627044,
      "coefficient_of_variation": 0.1125831938478324,
      "percentile_25": 1.050831572464388,
      "percentile_50": 1.116979598662331,
      "percentile_75": 1.23514624808919,
      "iqr": 0.18431467562480197,
      "skewness": 0.390690060544772,
      "kurtosis": -0.6770037646452471,
      "skewness_test_statistic": 4.9082350089303235,
      "skewness_p_value": 9.189969299257967e-07,
      "kurtosis_test_statistic": -6.733056678365774,
      "kurtosis_p_value": 1.6613530730267066e-11
    }
  ]
}