{
  "trajectory_stats": [
    {
      "trajectory_id": 0,
      "mean": 1.4400871544487288,
      "variance": 0.04691803030517076,
      "std_deviation": 0.2166057023837802,
      "coefficient_of_variation": 0.15041152315999773,
      "percentile_25": 1.2513275927701857,
      "percentile_50": 1.4506226968813465,
      "percentile_75": 1.5507497783788806,
      "iqr": 0.29942218560869494,
      "skewness": 0.3585067099395428,
      "kurtosis": -0.1468916332200192,
      "skewness_test_statistic": 4.527091984301306,
      "skewness_p_value": 5.980091413328975e-06,
      "kurtosis_test_statistic": -0.9186598117728122,
      "kurtosis_p_value": 0.35827353659982
    },
    {
      "trajectory_id": 1,
      "mean": 1.243219542892596,
      "variance": 0.0924348353517523,
      "std_deviation": 0.3040309776186504,
      "coefficient_of_variation": 0.24455131787203266,
      "percentile_25": 1.0594036623620489,
      "percentile_50": 1.1539546819525777,
      "percentile_75": 1.369658693965146,
      "iqr": 0.3102550316030972,
      "skewness": 1.0465632189497698,
      "kurtosis": 0.15235761638739875,
      "skewness_test_statistic": 11.366010778618575,
      "skewness_p_value": 6.174557039276162e-30,
      "kurtosis_test_statistic": 1.0395090917755576,
      "kurtosis_p_value": 0.29856803190371106
    },
    {
      "trajectory_id": 2,
      "mean": 1.4622225837683958,
      "variance": 0.06131364029013382,
      "std_deviation": 0.24761591283706672,
      "coefficient_of_variation": 0.1693421477590084,
      "percentile_25": 1.303436031139662,
      "percentile_50": 1.3802540615504708,
      "percentile_75": 1.4906349681902946,
      "iqr": 0.18719893705063262,
      "skewness": 1.2334583358531606,
      "kurtosis": 0.3452251611544406,
      "skewness_test_statistic": 12.792737193018297,
      "skewness_p_value": 1.8001990443055616e-37,
      "kurtosis_test_statistic": 2.047474705046126,
      "kurtosis_p_value": 0.040611497989423415
    },
    {
      "trajectory_id": 3,
      "mean": 1.2291706264868267,
      "variance": 0.04879474556946417,
      "std_deviation": 0.22089532717887939,
      "coefficient_of_variation": 0.17971087367279093,
      "percentile_25": 1.051933631704732,
      "percentile_50": 1.1674983737301146,
      "percentile_75": 1.3444455565607571,
      "iqr": 0.29251192485602506,
      "skewness": 1.2633133832990986,
      "kurtosis": 1.3189891294900002,
      "skewness_test_statistic": 13.006926517637064,
      "skewness_p_value": 1.1174680766768882e-38,
      "kurtosis_test_statistic": 5.503432438140458,
      "kurtosis_p_value": 3.7246730645370386e-08
    },
    {
      "trajectory_id": 4,
      "mean": 1.496927703753146,
      "variance": 0.046852310282502585,
      "std_deviation": 0.21645394494557632,
      "coefficient_of_variation": 0.1445987968576411,
      "percentile_25": 1.325010841938509,
      "percentile_50": 1.4783186507350294,
      "percentile_75": 1.6085030263407158,
      "iqr": 0.2834921844022069,
      "skewness": 0.5810808211439962,
      "kurtosis": -0.40861622259183017,
      "skewness_test_statistic": 7.04137921601666,
      "skewness_p_value": 1.9034617753452173e-12,
      "kurtosis_test_statistic": -3.2468611302352985,
      "kurtosis_p_value": 0.0011668530918061474
    }
  ]
}