{
  "trajectory_stats": [
    {
      "trajectory_id": 0,
      "mean": 1.1205427962250165,
      "variance": 0.024161881911994906,
      "std_deviation": 0.1554409274032901,
      "coefficient_of_variation": 0.13871931346750274,
      "percentile_25": 0.9974466026111845,
      "percentile_50": 1.074953291589703,
      "percentile_75": 1.2121057717427763,
      "iqr": 0.2146591691315919,
      "skewness": 0.8560321733592504,
      "kurtosis": -0.2195390067332923,
      "skewness_test_statistic": 9.74073143228384,
      "skewness_p_value": 2.0209443350237688e-22,
      "kurtosis_test_statistic": -1.4928991462282322,
      "kurtosis_p_value": 0.13546358867235558
    },
    {
      "trajectory_id": 1,
      "mean": 1.1086675473542742,
      "variance": 0.004791937318117185,
      "std_deviation": 0.0692238204530578,
      "coefficient_of_variation": 0.06243875417680767,
      "percentile_25": 1.0568867568008957,
      "percentile_50": 1.1086044102617403,
      "percentile_75": 1.164590534415036,
      "iqr": 0.1077037776141403,
      "skewness": -0.05276783532955203,
      "kurtosis": -0.7156021351781168,
      "skewness_test_statistic": -0.6857830379263313,
      "skewness_p_value": 0.4928499340726442,
      "kurtosis_test_statistic": -7.384353514159269,
      "kurtosis_p_value": 1.5319591362644754e-13
    },
    {
      "trajectory_id": 2,
      "mean": 1.076619285408104,
      "variance": 0.029032417880982587,
      "std_deviation": 0.1703890192500168,
      "coefficient_of_variation": 0.1582630197688025,
      "percentile_25": 0.9780595536255863,
      "percentile_50": 1.0655080337308198,
      "percentile_75": 1.2030259002882915,
      "iqr": 0.2249663466627052,
      "skewness": -0.3058332682328475,
      "kurtosis": -0.3019603571225131,
      "skewness_test_statistic": -3.8916264151457427,
      "skewness_p_value": 9.95744848227811e-05,
      "kurtosis_test_statistic": -2.20620029651422,
      "kurtosis_p_value": 0.027369978534860447
    },
    {
      "trajectory_id": 3,
      "mean": 1.177556477648925,
      "variance": 0.03468597210000043,
      "std_deviation": 0.18624170343937585,
      "coefficient_of_variation": 0.1581594657873401,
      "percentile_25": 0.9808786609376758,
      "percentile_50": 1.243385687216353,
      "percentile_75": 1.3202995622766793,
      "iqr": 0.3394209013390035,
      "skewness": -0.27450641724088015,
      "kurtosis": -1.2872629879743387,
      "skewness_test_statistic": -3.5072777404052196,
      "skewness_p_value": 0.0004527163642399958,
      "kurtosis_test_statistic": -42.332965506489295,
      "kurtosis_p_value": 0.0
    },
    {
      "trajectory_id": 4,
      "mean": 1.041641753292278,
      "variance": 0.02332388977878387,
      "std_deviation": 0.15272160874867666,
      "coefficient_of_variation": 0.14661625099606002,
      "percentile_25": 0.9235364351892581,
      "percentile_50": 1.0462466034168845,
      "percentile_75": 1.0926442050791183,
      "iqr": 0.1691077698898602,
      "skewness": 1.4232515606116873,
      "kurtosis": 2.8485052083578006,
      "skewness_test_statistic": 14.096669013053496,
      "skewness_p_value": 3.9812273779613956e-45,
      "kurtosis_test_statistic": 8.479929689657856,
      "kurtosis_p_value": 2.253300678432429e-17
    }
  ]
}